metric,u,p,median_manual,median_ai,n_manual,n_ai
instr_pct,827440.0,3.200491962401115e-13,21.85,10.69,1600,880
branch_pct,808720.0,5.730940536863874e-10,12.5,16.25,1600,880
mutation_score,752840.0,0.003818349571160616,16.67,19.44,1600,880
time_seconds,774034.0,3.7425621826251096e-05,0.012,0.003,1600,880
